key,value
freq_hz,1e+10
lambda_0,0.0299792
tan_delta,0
k_0,209.584
d,0.00149896
rho_min,4.77135e-05
rho_max,0.0477135
N_rho,50
norm,1909.75
