a_half,b,h,w,Nx,Ny
1.2500000000e+00,1.2500000000e+00,5.0000000000e-01,5.0000000000e-01,100,100
