h_over_lambda,rms_err
0.2500000000,0.1600455169
0.1250000000,0.0505612273
0.0625000000,0.0136367892
0.0312500000,0.0034841351
