key,value
N_elem_init,2
num_meshes,4
freq_hz,1.0000000000
L,1.0000000000
C,1.0000000000
c,1.0000000000
lambda,1.0000000000
ell,0.5000000000
V_in,1.0000000000
loglog_slope,1.8455141129
