z_node,V_node
0.0000000000,-1.0326857485
0.2500000000,-0.1299117136
0.5000000000,1.0000000000
