z_node,V_node
0.0000000000,-1.0028572868
0.1250000000,-0.7223857177
0.2500000000,-0.0378513602
0.3750000000,0.6678549637
0.5000000000,1.0000000000
